sk_partido,sigla_partido,nome_partido
1,AGIR,AGIR
2,AVANTE,AVANTE
3,CIDADANIA,CIDADANIA
4,DC,DEMOCRACIA CRISTÃ
5,DEMOCRATA,DEMOCRATA
6,MDB,MOVIMENTO DEMOCRÁTICO BRASILEIRO
7,MISSÃO,PARTIDO MISSÃO
8,MOBILIZA,MOBILIZAÇÃO NACIONAL
9,NOVO,PARTIDO NOVO
10,PCB,PARTIDO COMUNISTA BRASILEIRO
11,PCDOB,PARTIDO COMUNISTA DO BRASIL
12,PCO,PARTIDO DA CAUSA OPERÁRIA
13,PDT,PARTIDO DEMOCRÁTICO TRABALHISTA
14,PL,PARTIDO LIBERAL
15,PODE,PODEMOS
16,PP,PROGRESSISTAS
17,PRD,PARTIDO RENOVACAO DEMOCRATICA
18,PRTB,PARTIDO RENOVADOR TRABALHISTA BRASILEIRO
19,PSB,PARTIDO SOCIALISTA BRASILEIRO
20,PSD,PARTIDO SOCIAL DEMOCRÁTICO
21,PSDB,PARTIDO DA SOCIAL DEMOCRACIA BRASILEIRA
22,PSOL,PARTIDO SOCIALISMO E LIBERDADE
23,PSTU,PARTIDO SOCIALISTA  DOS TRABALHADORES UNIFICADO
24,PT,PARTIDO DOS TRABALHADORES
25,PV,PARTIDO VERDE
26,REDE,REDE SUSTENTABILIDADE
27,REPUBLICANOS,REPUBLICANOS
28,SOLIDARIEDADE,SOLIDARIEDADE
29,UNIÃO,UNIÃO BRASIL
30,UP,UNIDADE POPULAR
